,tauV,tauL,tauS,Q10,rmse
ACCESS-ESM1-5,17.944371037948642,3.6308287140726514,10.695529055963641,1.6437931636872267,0.022107104331395518
CESM2,13.15407635503521,2.213450322128001,1.0,3.2179393465379693,0.02275837859889897
GFDL-ESM4,17.06310645877983,20.150968117631663,1.5252358714775907,2.05098792651818,0.09974519681082299
GISS_E2.1,23.429147083045564,,29.965515395403965,5.0,0.012329204788567968
NorESM2-LM,2.532280134876059,1.0,1.0,4.300633594975153,0.022947156480693037
MPI-ESM1-2-LR,6.494955970786244,158.83987489087812,30.8601309686951,1.788443591770495,0.02434461741312138
CNRM-ESM2-1,9.430967788270602,747.920548432857,421.1577389230941,1.7962638624441727,0.03308183034252223
HadCM3LC-Bris,7.373265303379122,,1000.0,5.0,0.04822170019106165
UKESM1.2,9.979548339062553,,1000.0,5.0,0.05821379804229178
