,tauV,tauL,tauS,Q10,rmse
ACCESS-ESM1-5,14.09736285909299,52.717689232295726,782.9932957749446,1.1929145095754867,0.01991295671490572
CESM2,13.505569193814326,38.008943504414255,667.1612086312439,1.272694382808352,0.022358001856166876
GFDL-ESM4,9.415467570558206,1000.0,336.3251603928054,4.408637942176926,0.05135399118036278
GISS_E2.1,18.876103429437475,,1000.0,5.0,0.05577120104428426
NorESM2-LM,13.54691300102882,3.6110264030185766,49.61120137736154,1.506468022440573,0.015491958230664429
MPI-ESM1-2-LR,6.351340500593732,1000.0,769.4292368708594,4.155175228885734,0.03396990358710072
CNRM-ESM2-1,16.624001882616238,421.9623024039841,1000.0,5.0,0.021689526238447113
HadCM3LC-Bris,5.9847618155194375,,1000.0,5.0,0.05603120006073534
UKESM1.2,8.913982351212828,,1000.0,5.0,0.04227096258791574
